Metric,Value
Accuracy,0.9383561643835616
Precision,0.42857142857142855
Recall,0.04838709677419355
F1-score,0.08695652173913043
